,row_number,words,,,,,,,Unique Terms,,,Unique names
1,1,jif,,R-F/rf,Reduced Fat,,,,,,,JIF TO GO CRM H PLS 8P
1.1,1,to,,l-s /lsd,low sodium,,,,,,,JIF CHK R-F H PLS
1.2,1,go,,xtra,extra something,,,,,,,JIF CRM R-F H PLS
1.3,1,crm,,org,organic,,,,,,,JIF CHK H PLS
1.4,1,h,,sqz ,squeeze,,,,,,,PB2 POWDER R-F H PLS
1.5,1,pls,,No Stir,No Stier,,,,,,,SMK CHK NT NH
1.6,1,8p,comes in pack to go might be beneficial,HNY/T-B-KNS,honey,,,,,,,JIF CHK H PLS 2P
2,2,jif,,Hot Pepper,Hot Pepper,,,,,,,PB2 POWDER R-F CHOC H PLS
2.1,2,chk,,Whipped,Whipped,,,,,,,JIF CRM H PLS
2.2,2,r,,Can,Can,,,,,,,PETER PAN CRM SP H PLS
2.3,2,f,,powder/pwd,powdered,,,,,,,PETER PAN CHK SP H PLS
2.4,2,h,,chk,chunky,,,,,,,SMK G-C CRM/CHOC SP H
2.5,2,pls,,crm,creamy,,,,,,,SKP CRM H PLS
3,3,jif,,"""numeric""p",Pack,,,,,,,SKP CHK H PLS
3.1,3,crm,,to go,to go,,,,,,,SKP-NT CRM NT H PLS
3.2,3,r,,sp,spread,,,,,,,PLANTERS CHK H PLS
3.3,3,f,,nt,natural,,,,,,,JIF CRM H PLS 2P
3.4,3,h,,xtra,extra something,,,,,,,P-F CHK L-S H
3.5,3,pls,,sqz,squeeze,,,,,,,PLANTERS CRM H PLS
4,4,jif,,coconut,cocunut,,,,,,,KREMA CHK UNS NH
4.1,4,chk,,ff,fat free,,,,,,,CTL BR PB CRM H PLS
4.2,4,h,,low fat,low fat,,,,,,,P-F CRM L-S H
4.3,4,pls,,hzlnt/hznt,Hazelnut,,,,,,,JIF CHK XTRA H PLS
5,5,pb2,,cn,cinnamon,,,,,,,RSTR FRSH CHK UNS H
5.1,5,powder,powdered peanut butter,raisin,raisin,,,,,,,KETTLE CHK ORG UNS H
5.2,5,r,,h ,hydrogenated?,,,,,,,SKP CHK S H PLS
5.3,5,f,,nh,non hydrogenated,,,,,,,CTL BR PB CRM H
5.4,5,h,,rspby,raspberry,,,,,,,RSTR FRSH CRM UNS H
5.5,5,pls,,br,?,,,,,,,KETTLE CRM ORG UNS H
6,6,smk,,pls,?,,,,,,,SMK CRM NT R-F H
6.1,6,chk,,uns,unsalted,,,,,,,CTL BR PB CHK H PLS
6.2,6,nt,,White Choc,White Chocolate,,,,,,,S-J PB CRM H PLS
6.3,6,nh,,maple,maple,,,,,,,JIF CRM R-F H PLS 2P
7,7,jif,,D-C,Dark Chocolate,,,,,,,CTL BR PB CRM/GR J H PLS
7.1,7,chk,,ls,low sodium,,,,,,,CTL BR PB CRM R-F H
7.2,7,h,,nk,?,,,,,,,PAMPA CRM H PLS
7.3,7,pls,,rs,reduced sodium,,,,,,,WALDEN FARMS CRM FF H
7.4,7,2p,,sb,Strawberry,,,,,,,PLANTERS CRM SP H PLS
8,8,pb2,,lsg,low sugar,,,,,,,JIF CRM H CAN
8.1,8,powder,,nsg,no sugar,,,,,,,CTL BR PB CHK H
8.2,8,r,,dr,?,,,,,,,NBTC CHK ORG H
8.3,8,f,,,,,,,,,,CTL BR PB CHK XTRA H PLS
8.4,8,choc,,,,,,,,,,PETER PAN CRM/HNY H-R SP H PLS
8.5,8,h,,,,,,,,,,PB&C CRM NT D-C DM H
8.6,8,pls,,,,,,,,,,SKP-NT CHK NT XTRA S H PLS
9,9,jif,,,,,,,,,,CTL BR PB CRM ORG UNS LSD H
9.1,9,crm,,,,,,,d,,,KREMA CRM NT UNS NH
9.2,9,h,,,,,,,,,,SMK G-GR CRM/GR J H
9.3,9,pls,,,,,,,,,,S-J PB CRM LS-SG LSD H PLS
10,10,peter,,,,,,,,,,PETER PAN CRM H PLS
10.1,10,pan,,,,,,,,,,CTL BR PB CRM ORG H PLS
10.2,10,crm,,,,,,,,,,SMK CRM NT NH
10.3,10,sp,spread,,,,,,,,,MRTH CHK ORG-RS H
10.4,10,h,,,,,,,,,,CTL BR PB CHK ORG H PLS
10.5,10,pls,,,,,,,,,,CTL BR PB CRM R-F H PLS
11,11,peter,,,,,,,,,,JIF CRM NT H PLS
11.1,11,pan,,,,,,,,,,CTL BR PB CRM NT H PLS
11.2,11,chk,,,,,,,,,,SMK CRM NT UNS NH
11.3,11,sp,,,,,,,,,,SMK G-SB CRM/SB J H
11.4,11,h,,,,,,,,,,CTL BR PB CRM/GR J H
11.5,11,pls,,,,,,,,,,CTL BR PB CRM/SB J H
12,12,smk,,,,,,,bn,,,CTL BR PB CRM NT ORG H PLS
12.1,12,g,,,,,,,,,,MRTH CHK NO STIR ORG DR H
12.2,12,c,,,,,,,b,,,MRTH CRM NO STIR ORG DR H
12.3,12,crm,,,,,,,n,,,MCSNC PB CHK H P-T
12.4,12,choc,,,,,,,bf,,,CTL BR PB CRM LSG L-S H PLS
12.5,12,sp,,,,,,,swt,,,CTL BR PB CRM/SB J H PLS
12.6,12,h,,,,,,,o,,,CTL BR PB CHK ORG H
13,13,skp,,,,,,,,,,BNPB CRM BN LF H
13.1,13,crm,,,,,,,,,,B-N-C CHK ORG UNS H PLS
13.2,13,h,,,,,,,,,,BF&N-C CHK ORG UNS H PLS
13.3,13,pls,,,,,,,,,,CTL BR PB CRM ORG H
14,14,skp,,,,,,,,,,CTL BR PB CHK H P-T
14.1,14,chk,,,,,,,,,,SKP R-H-N CHK S H PLS
14.2,14,h,,,,,,,,,,PETER PAN CHK H PLS
14.3,14,pls,,,,,,,,,,SKP CHK S R-F H PLS
15,15,skp,,,,,,,rst,,,SKP R-H-N CRM H PLS
15.1,15,nt,,,,,,,,,,CTL BR PB CHK H-R H PLS
15.2,15,crm,,,,,,,,,,JIF CHK LSD H PLS
15.3,15,nt,natural,,,,,,snt,,,CTL BR PB CRM H-R H PLS
15.4,15,h,,,,,,,crz,,,SMK CHK NT H
15.5,15,pls,,,,,,,,,,CTL BR PB CRM NT UNS H P-T
16,16,planters,,,,,,,,,,MRTH CRM NT NO STIR SWT H
16.1,16,chk,,,,,,,,,,S-B-O CHK NT H PLS
16.2,16,h,,,,,,,,,,S-B CHK H PLS
16.3,16,pls,,,,,,,awhd,,,SKP CRM R-F H PLS
17,17,jif,,,,,,,,,,PB&C CRM NT SMOOTH OPERATOR H
17.1,17,crm,,,,,,,,,,PETER PAN CHK/R-F SP H PLS
17.2,17,h,,,,,,,,,,SKP CHK XTRA S H PLS
17.3,17,pls,,,,,,,,,,EAST WIND CHK H
17.4,17,2p,,,,,,,white,,,CTL BR PB CHK NT H PLS
18,18,p,,,,,,,,,,PETER PAN CRM H PLS 3P
18.1,18,f,,,,,,,,,,NBTC CRM ORG H
18.2,18,chk,,,,,,,btr,,,CTL BR PB CRM N-O-O UNS H PLS
18.3,18,l,,,,,,,e,,,CTL BR PB CRM NT OF H
18.4,18,s,,,,,,,,,,JSTN CRM CHOC H PLS
18.5,18,h,,,,,,,chc,,,EAST WIND CRM UNS H
19,19,planters,,,,,,,,,,EAST WIND CRM ORG H
19.1,19,crm,,,,,,,,,,EAST WIND CRM H
19.2,19,h,,,,,,,dp,,,S-B-O CRM NT H PLS
19.3,19,pls,,,,,,,blnd,,,S-B CRM NT H RICH RST PLS
20,20,krema,,,,,,,cr,,,JIF TO GO CHK H PLS 8P
20.1,20,chk,,,,,,,time,,,EAST WIND CRM ORG UNS H
20.2,20,uns,,,,,,,,,,SMK CRM ORG H
20.3,20,nh,,,,,,,,,,SMK CHK ORG H
21,21,ctl,,,,,,,,,,PETER PAN CRM/R-F SP H PLS
21.1,21,br,,,,,,,smt,,,NATURALLY MORE CRM H PLS
21.2,21,pb,,,,,,,ch,,,EAST WIND CHK UNS H
21.3,21,crm,,,,,,,plus,,,SNT-CRZ-O CHK ORG H
21.4,21,h,,,,,,,,,,REESE'S CRM H PLS
21.5,21,pls,,,,,,,,,,P-F CRM NT H-R UNS H PLS
22,22,p,,,,,,,kns,,,FIFTY-50 CRM NSG LSD H PLS
22.1,22,f,,,,,,,,,,P-F CHK NT H-R UNS H PLS
22.2,22,crm,,,,,,,,,,AWHD CRM ORG UNS NH
22.3,22,l,,,,,,,pnt,,,CTL BR PB CHK ORG UNS LSD H
22.4,22,s,,,,,,,w,,,SKP-NT CRM H PLS
22.5,22,h,,,,,,,less,,,AWHD CHK H
23,23,jif,,,,,,,,,,MRTH CHK NT NO STIR SWT H
23.1,23,chk,,,,,,,mgfov,,,SNT-CRZ-O CRM ORG H
23.2,23,xtra,extra something,,,,,,,,,P-F CRM ORG H P-T
23.3,23,h,,,,,,,,,,P-F CRM NT H P-T
23.4,23,pls,,,,,,,,,,PETER PAN WHIPPED CRM H PLS
24,24,rstr,,,,,,,,,,AWHD CHK NSG UNS NH
24.1,24,frsh,,,,,,,,,,AWHD CRM OF NH
24.2,24,chk,,,,,,,,,,AWHD CRM H
24.3,24,uns,,,,,,,,,,P-F CHK H P-T
24.4,24,h,,,,,,,,,,P-F CHK ORG H P-T
25,25,kettle,,,,,,,,,,PB&C CRM NT CN RAISIN SWIRL H
25.1,25,chk,,,,,,,snlnd,,,PB&C CRM NT WHITE CHOC WNDRF H
25.2,25,org,,,,,,,rf,,,JSTN CRM CHOC HZNT BTR H F-E
25.3,25,uns,,,,,,,,,,JUSTIN'S CHC HZLNT BTR CRM
25.4,25,h,,,,,,,,,,PETER PAN CHK/HNY H-R SP H PLS
26,26,skp,,,,,,,,,,JSTN CRM ORG H PLS
26.1,26,chk,,,,,,,olde,,,NA
26.2,26,s,,,,,,,style,,,S-B-O CRM XTRA NT DP RST H PLS
26.3,26,h,,,,,,,6p,,,S-B CRM H PLS
26.4,26,pls,,,,,,,old,,,JSTN CRM CN BLND ORG H PLS
27,27,ctl,,,,,,,home,,,PB&C CHK NT CR TIME H
27.1,27,br,,,,,,,jtg,,,BNPB CRM LOW FAT H
27.2,27,pb,,,,,,,sk,,,BNPB CRM R-F LSD H
27.3,27,crm,,,,,,,ps,,,JSTN CRM HNY BLND ORG DR H PLS
27.4,27,h,,,,,,,gn,,,HOLSUM CRM OF NH
28,28,rstr,,,,,,,em,,,HOLSUM CHK OF NH
28.1,28,frsh,,,,,,,spr,,,CTL BR PB CRM ORG LSD H
28.2,28,crm,,,,,,,bg,,,PETER PAN SMT-CH CRM H PLS
28.3,28,uns,,,,,,,nem,,,BNPB CRM CHOC R-F H
28.4,28,h,,,,,,,emx,,,JSTN CRM HNY ORG H PLS
29,29,kettle,,,,,,,,,,MRTH CHK NT ORG-RS UNS H
29.1,29,crm,,,,,,,val,,,PETER PAN PLUS CRM H PLS
29.2,29,org,,,,,,,,,,CRZY RCHRD CHK NT NH
29.3,29,uns,,,,,,,bljgs,,,CRZY RCHRD CRM NT NH
29.4,29,h,,,,,,,,,,JIF TO GO CRM R-F H PLS 8P
30,30,smk,,,,,,,,,,MRTH CRM ORG UNS H
30.1,30,crm,,,,,,,x,,,JIF CRM HNY H PLS
30.2,30,nt,,,,,,,lt,,,MRTH CRM ORG NH
30.3,30,r,,,,,,,tb,,,CTL BR PB CHK R-F H PLS
30.4,30,f,,,,,,,jw,,,PB&C CRM NT T-B-KNS H PLS
30.5,30,h,,,,,,,bag,,,PAMPA CHK H PLS
31,31,ctl,,,,,,,chom,,,SMK CRM NT/HNY H
31.1,31,br,,,,,,,pp,,,WDSTCK FRM CRM ORG H
31.2,31,pb,,,,,,,ccem,,,WDSTCK FRM CRM ORG UNS H
31.3,31,chk,,,,,,,,,,PNT-W CRM NT LESS FAT H
31.4,31,h,,,,,,,,,,PNT-W CRM NT LESS FAT LSD H
31.5,31,pls,,,,,,,nutty,,,CTL BR PB CHK NT OF H PLS
32,32,s,,,,,,,,,,JSTN CRM CHOC HZNT BTR H PLS
32.1,32,j,,,,,,,,,,WDSTCK FRM CHK ORG H
32.2,32,pb,,,,,,,,,,WOODSTOCK CHK ORG H
32.3,32,crm,,,,,,,nk,,,MGFOV CHK NT UNS H PLS
32.4,32,h,,,,,,,,,,EARTH BALANCE CRM NT H PLS
32.5,32,pls,,,,,,,,,,MGFOV CRM NT UNS H PLS
33,33,jif,,,,,,,,,,EARTH BALANCE CHK NT H PLS
33.1,33,crm,,,,,,,,,,JSTN CRM ORG H PLS ENV 10P
33.2,33,r,,,,,,,,,,P-F CHK HNY ORG H P-T
33.3,33,f,,,,,,,,,,P-F CRM HNY ORG H P-T
33.4,33,h,,,,,,,,,,FIFTY-50 CHK NSG LSD H PLS
33.5,33,pls,,,,,,,,,,EAST WIND CHK ORG UNS H
33.6,33,2p,,,,,,,dz,,,CTL BR PB CRM ORG DR LS-S H
34,34,ctl,,,,,,,,,,SKP CRM H PLS 8.4OZ=
34.1,34,br,,,,,,,,,,JSTN CRM HNY H PLS
34.2,34,pb,,,,,,,,,,CTL BR PB CRM UNS H PLS
34.3,34,crm,,,,,,,,,,CTL BR PB CRM ORG UNS H
34.4,34,gr,,,,,,,,,,MRTH CRM D-C SP H PLS
34.5,34,j,,,,,,,,,,PB&C CRM NT MIGHTY MAPLE H PLS
34.6,34,h,,,,,,,,,,GOOD LIFE CRM H PLS
34.7,34,pls,,,,,,,,,,SNLND CRM NT BN H PLS
35,35,ctl,,,,,,,,,,SNLND CRM NT RF RSPBY SP PLS
35.1,35,br,,,,,,,,,,HALLAM'S CRM OF NH
35.2,35,pb,,,,,,,,,,HALLAM'S CHK OF NH
35.3,35,crm,,,,,,,,,,JIF TO GO CRM H PLS 3P
35.4,35,r,,,,,,,,,,ADAMS CRM NT NSG NO STIR H
35.5,35,f,,,,,,,,,,ADAMS CHK NT H
35.6,35,h,,,,,,,,,,ADAMS CRM NT H
36,36,pampa,,,,,,,,,,CTL BR PB CRM ORG-RS UNS H PLS
36.1,36,crm,,,,,,,,,,OLDE STYLE CRM H PLS
36.2,36,h,,,,,,,,,,OLDE STYLE CRM UNS H PLS
36.3,36,pls,,,,,,,,,,JIF TO GO CRM H P-T 6P
37,37,walden,,,,,,,,,,SNLND CRM NT D-C LF H PLS
37.1,37,farms,,,,,,,,,,O-T PB CHK NT NSG UNS NH PLS
37.2,37,crm,,,,,,,,,,JSTN CRM H PLS
37.3,37,ff,,,,,,,,,,JIF TO GO CRM/SP LSD H PLS 8P
37.4,37,h,,,,,,,,,,OLD HOME CRM H PLS
38,38,planters,,,,,,,,,,OLD HOME CRM HNY H PLS
38.1,38,crm,,,,,,,,,,JTG CRM/CHC-SK SP H P-C 8P
38.2,38,sp,,,,,,,,,,PS-NT CRM CR-GN-EM H PLS
38.3,38,h,,,,,,,,,,WALDEN FARMS CRM CHOC/SPR FF H
38.4,38,pls,,,,,,,,,,PS-NT CRM BG-NEM H PLS
39,39,jif,,,,,,,,,,PS-NT CRM BN-EMX H PLS
39.1,39,crm,,,,,,,,,,OLD HOME CHK H PLS
39.2,39,h,,,,,,,,,,EARTH BALANCE COCONUT&PNT SP
39.3,39,can,,,,,,,,,,EARTH BALANCE CHK SP H PLS
40,40,ctl,,,,,,,,,,JTG CRM/CHC-SK SP H P-C 3P
40.1,40,br,,,,,,,,,,WDSTCK FRM CHK ORG UNS H
40.2,40,pb,,,,,,,,,,EARTH BALANCE CRM SP H PLS
40.3,40,chk,,,,,,,,,,NATURALLY MORE CHK H PLS
40.4,40,h,,,,,,,,,,CTL BR PB CHK XTRA H
41,41,nbtc,,,,,,,,,,PB2 POWDER H PLS
41.1,41,chk,,,,,,,,,,GOOD LIFE CHK H PLS
41.2,41,org,,,,,,,,,,GOOD LIFE SMOOTH HNY H PLS
41.3,41,h,,,,,,,,,,WALDEN FARMS CRM C-R FF H
42,42,ctl,,,,,,,,,,CTL BR PB CHK ORG H P-T
42.1,42,br,,,,,,,,,,JIF CHK H CAN
42.2,42,pb,,,,,,,,,,SKP CRM H PLS 2P
42.3,42,chk,,,,,,,,,,SNLND CRM NT VAL H PLS
42.4,42,xtra,,,,,,,,,,HAMPTON FARMS CHK H PLS
42.5,42,h,,,,,,,,,,HAMPTON FARMS CRM H PLS
42.6,42,pls,,,,,,,,,,BLJGS POWDER LF ORG LSD H PLS
43,43,peter,,,,,,,,,,BLJGS PWD LF ORG LSD H PLS
43.1,43,pan,,,,,,,,,,MAZOLA SPR C-O X-LT S TB
43.2,43,crm,,,,,,,,,,JW CRM R-F WHIPPED H P-T
43.3,43,hny,,,,,,,,,,JW CRM CHOC WHIPPED H P-T
43.4,43,h,,,,,,,,,,CTL BR PB CRM OF SWT HNY H PLS
43.5,43,r,,,,,,,,,,PB2 CRM H BAG
43.6,43,sp,,,,,,,,,,JW CRM CHOM WHIPPED H P-T
43.7,43,h,,,,,,,,,,S-J CRM LSD H PLS
43.8,43,pls,,,,,,,,,,JIF CRM NT HNY LSD H PLS
44,44,pb,,,,,,,,,,SKP-NT CRM H
44.1,44,c,,,,,,,,,,JIF CRM NT LSD H PLS
44.2,44,crm,,,,,,,,,,SKP-NT CRM D-C H PLS
44.3,44,nt,,,,,,,,,,CTL BR PB CRM SWT HNY H PLS PP
44.4,44,d,,,,,,,,,,PS-NT CRM CCEM H PLS
44.5,44,c,,,,,,,,,,ASN CRM ORG H PLS
44.6,44,dm,,,,,,,,,,JTG CRM H PLS
44.7,44,h,,,,,,,,,,JTG CRM CHC-SK H PLS
45,45,skp,,,,,,,,,,GLE NUTTY HNY UNS H P-T
45.1,45,nt,,,,,,,,,,PNT-W CRM CHOC NT LF H
45.2,45,chk,,,,,,,,,,BNPB CRM HOT PEPPER LF H
45.3,45,nt,,,,,,,,,,PB CRAVE PB CRM C-NK H PLS
45.4,45,xtra,,,,,,,,,,PB CRAVE CRM COCOA BN H PLS
45.5,45,s,,,,,,,,,,PB CRAVE CRM CHOCO CHOCO H PLS
45.6,45,h,,,,,,,,,,PB&C CRM NT THE HEAT IS ON H
45.7,45,pls,,,,,,,,,,PB&C CRM NT H SQZ P FOIL ENV
46,46,ctl,,,,,,,,,,PB&C CRM NT D-C DM H SQZ P F-E
46.1,46,br,,,,,,,,,,PB CRAVE CRM R-DZ H PLS
46.2,46,pb,,,,,,,,,,CREAM-NUT CRM H
46.3,46,crm,,,,,,,,,,MRTH CHK ORG H
46.4,46,org,,,,,,,,,,CREAM-NUT CHK H
46.5,46,uns,,,,,,,,,,BNC CRM COCONUT CHOC NT LF H
46.6,46,lsd,,,,,,,,,,
46.7,46,h,,,,,,,,,,
47,47,krema,,,,,,,,,,
47.1,47,crm,,,,,,,,,,
47.2,47,nt,,,,,,,,,,
47.3,47,uns,,,,,,,,,,
47.4,47,nh,,,,,,,,,,
48,48,smk,,,,,,,,,,
48.1,48,g,,,,,,,,,,
48.2,48,gr,,,,,,,,,,
48.3,48,crm,,,,,,,,,,
48.4,48,gr,,,,,,,,,,
48.5,48,j,,,,,,,,,,
48.6,48,h,,,,,,,,,,
49,49,s,,,,,,,,,,
49.1,49,j,,,,,,,,,,
49.2,49,pb,,,,,,,,,,
49.3,49,crm,,,,,,,,,,
49.4,49,ls,,,,,,,,,,
49.5,49,sg,,,,,,,,,,
49.6,49,lsd,,,,,,,,,,
49.7,49,h,,,,,,,,,,
49.8,49,pls,,,,,,,,,,
50,50,peter,,,,,,,,,,
50.1,50,pan,,,,,,,,,,
50.2,50,crm,,,,,,,,,,
50.3,50,h,,,,,,,,,,
50.4,50,pls,,,,,,,,,,
51,51,ctl,,,,,,,,,,
51.1,51,br,,,,,,,,,,
51.2,51,pb,,,,,,,,,,
51.3,51,crm,,,,,,,,,,
51.4,51,org,,,,,,,,,,
51.5,51,h,,,,,,,,,,
51.6,51,pls,,,,,,,,,,
52,52,smk,,,,,,,,,,
52.1,52,crm,,,,,,,,,,
52.2,52,nt,,,,,,,,,,
52.3,52,nh,,,,,,,,,,
53,53,mrth,,,,,,,,,,
53.1,53,chk,,,,,,,,,,
53.2,53,org,,,,,,,,,,
53.3,53,rs,,,,,,,,,,
53.4,53,h,,,,,,,,,,
54,54,ctl,,,,,,,,,,
54.1,54,br,,,,,,,,,,
54.2,54,pb,,,,,,,,,,
54.3,54,chk,,,,,,,,,,
54.4,54,org,,,,,,,,,,
54.5,54,h,,,,,,,,,,
54.6,54,pls,,,,,,,,,,
55,55,ctl,,,,,,,,,,
55.1,55,br,,,,,,,,,,
55.2,55,pb,,,,,,,,,,
55.3,55,crm,,,,,,,,,,
55.4,55,r,,,,,,,,,,
55.5,55,f,,,,,,,,,,
55.6,55,h,,,,,,,,,,
55.7,55,pls,,,,,,,,,,
56,56,jif,,,,,,,,,,
56.1,56,crm,,,,,,,,,,
56.2,56,nt,,,,,,,,,,
56.3,56,h,,,,,,,,,,
56.4,56,pls,,,,,,,,,,
57,57,ctl,,,,,,,,,,
57.1,57,br,,,,,,,,,,
57.2,57,pb,,,,,,,,,,
57.3,57,crm,,,,,,,,,,
57.4,57,nt,,,,,,,,,,
57.5,57,h,,,,,,,,,,
57.6,57,pls,,,,,,,,,,
58,58,smk,,,,,,,,,,
58.1,58,crm,,,,,,,,,,
58.2,58,nt,,,,,,,,,,
58.3,58,uns,,,,,,,,,,
58.4,58,nh,,,,,,,,,,
59,59,smk,,,,,,,,,,
59.1,59,g,,,,,,,,,,
59.2,59,sb,,,,,,,,,,
59.3,59,crm,,,,,,,,,,
59.4,59,sb,,,,,,,,,,
59.5,59,j,,,,,,,,,,
59.6,59,h,,,,,,,,,,
60,60,ctl,,,,,,,,,,
60.1,60,br,,,,,,,,,,
60.2,60,pb,,,,,,,,,,
60.3,60,crm,,,,,,,,,,
60.4,60,gr,,,,,,,,,,
60.5,60,j,,,,,,,,,,
60.6,60,h,,,,,,,,,,
61,61,ctl,,,,,,,,,,
61.1,61,br,,,,,,,,,,
61.2,61,pb,,,,,,,,,,
61.3,61,crm,,,,,,,,,,
61.4,61,sb,,,,,,,,,,
61.5,61,j,,,,,,,,,,
61.6,61,h,,,,,,,,,,
62,62,ctl,,,,,,,,,,
62.1,62,br,,,,,,,,,,
62.2,62,pb,,,,,,,,,,
62.3,62,crm,,,,,,,,,,
62.4,62,nt,,,,,,,,,,
62.5,62,org,,,,,,,,,,
62.6,62,h,,,,,,,,,,
62.7,62,pls,,,,,,,,,,
63,63,mrth,,,,,,,,,,
63.1,63,chk,,,,,,,,,,
63.2,63,no,,,,,,,,,,
63.3,63,stir,,,,,,,,,,
63.4,63,org,,,,,,,,,,
63.5,63,dr,,,,,,,,,,
63.6,63,h,,,,,,,,,,
64,64,mrth,,,,,,,,,,
64.1,64,crm,,,,,,,,,,
64.2,64,no,,,,,,,,,,
64.3,64,stir,,,,,,,,,,
64.4,64,org,,,,,,,,,,
64.5,64,dr,,,,,,,,,,
64.6,64,h,,,,,,,,,,
65,65,mcsnc,,,,,,,,,,
65.1,65,pb,,,,,,,,,,
65.2,65,chk,,,,,,,,,,
65.3,65,h,,,,,,,,,,
65.4,65,p,,,,,,,,,,
65.5,65,t,,,,,,,,,,
66,66,ctl,,,,,,,,,,
66.1,66,br,,,,,,,,,,
66.2,66,pb,,,,,,,,,,
66.3,66,crm,,,,,,,,,,
66.4,66,lsg,,,,,,,,,,
66.5,66,l,,,,,,,,,,
66.6,66,s,,,,,,,,,,
66.7,66,h,,,,,,,,,,
66.8,66,pls,,,,,,,,,,
67,67,ctl,,,,,,,,,,
67.1,67,br,,,,,,,,,,
67.2,67,pb,,,,,,,,,,
67.3,67,crm,,,,,,,,,,
67.4,67,sb,,,,,,,,,,
67.5,67,j,,,,,,,,,,
67.6,67,h,,,,,,,,,,
67.7,67,pls,,,,,,,,,,
68,68,ctl,,,,,,,,,,
68.1,68,br,,,,,,,,,,
68.2,68,pb,,,,,,,,,,
68.3,68,chk,,,,,,,,,,
68.4,68,org,,,,,,,,,,
68.5,68,h,,,,,,,,,,
69,69,bnpb,,,,,,,,,,
69.1,69,crm,,,,,,,,,,
69.2,69,bn,,,,,,,,,,
69.3,69,lf,,,,,,,,,,
69.4,69,h,,,,,,,,,,
70,70,b,,,,,,,,,,
70.1,70,n,,,,,,,,,,
70.2,70,c,,,,,,,,,,
70.3,70,chk,,,,,,,,,,
70.4,70,org,,,,,,,,,,
70.5,70,uns,,,,,,,,,,
70.6,70,h,,,,,,,,,,
70.7,70,pls,,,,,,,,,,
71,71,bf,,,,,,,,,,
71.1,71,n,,,,,,,,,,
71.2,71,c,,,,,,,,,,
71.3,71,chk,,,,,,,,,,
71.4,71,org,,,,,,,,,,
71.5,71,uns,,,,,,,,,,
71.6,71,h,,,,,,,,,,
71.7,71,pls,,,,,,,,,,
72,72,ctl,,,,,,,,,,
72.1,72,br,,,,,,,,,,
72.2,72,pb,,,,,,,,,,
72.3,72,crm,,,,,,,,,,
72.4,72,org,,,,,,,,,,
72.5,72,h,,,,,,,,,,
73,73,ctl,,,,,,,,,,
73.1,73,br,,,,,,,,,,
73.2,73,pb,,,,,,,,,,
73.3,73,chk,,,,,,,,,,
73.4,73,h,,,,,,,,,,
73.5,73,p,,,,,,,,,,
73.6,73,t,,,,,,,,,,
74,74,skp,,,,,,,,,,
74.1,74,r,,,,,,,,,,
74.2,74,h,,,,,,,,,,
74.3,74,n,,,,,,,,,,
74.4,74,chk,,,,,,,,,,
74.5,74,s,,,,,,,,,,
74.6,74,h,,,,,,,,,,
74.7,74,pls,,,,,,,,,,
75,75,peter,,,,,,,,,,
75.1,75,pan,,,,,,,,,,
75.2,75,chk,,,,,,,,,,
75.3,75,h,,,,,,,,,,
75.4,75,pls,,,,,,,,,,
76,76,skp,,,,,,,,,,
76.1,76,chk,,,,,,,,,,
76.2,76,s,,,,,,,,,,
76.3,76,r,,,,,,,,,,
76.4,76,f,,,,,,,,,,
76.5,76,h,,,,,,,,,,
76.6,76,pls,,,,,,,,,,
77,77,skp,,,,,,,,,,
77.1,77,r,,,,,,,,,,
77.2,77,h,,,,,,,,,,
77.3,77,n,,,,,,,,,,
77.4,77,crm,,,,,,,,,,
77.5,77,h,,,,,,,,,,
77.6,77,pls,,,,,,,,,,
78,78,ctl,,,,,,,,,,
78.1,78,br,,,,,,,,,,
78.2,78,pb,,,,,,,,,,
78.3,78,chk,,,,,,,,,,
78.4,78,h,,,,,,,,,,
78.5,78,r,,,,,,,,,,
78.6,78,h,,,,,,,,,,
78.7,78,pls,,,,,,,,,,
79,79,jif,,,,,,,,,,
79.1,79,chk,,,,,,,,,,
79.2,79,lsd,,,,,,,,,,
79.3,79,h,,,,,,,,,,
79.4,79,pls,,,,,,,,,,
80,80,ctl,,,,,,,,,,
80.1,80,br,,,,,,,,,,
80.2,80,pb,,,,,,,,,,
80.3,80,crm,,,,,,,,,,
80.4,80,h,,,,,,,,,,
80.5,80,r,,,,,,,,,,
80.6,80,h,,,,,,,,,,
80.7,80,pls,,,,,,,,,,
81,81,smk,,,,,,,,,,
81.1,81,chk,,,,,,,,,,
81.2,81,nt,,,,,,,,,,
81.3,81,h,,,,,,,,,,
82,82,ctl,,,,,,,,,,
82.1,82,br,,,,,,,,,,
82.2,82,pb,,,,,,,,,,
82.3,82,crm,,,,,,,,,,
82.4,82,nt,,,,,,,,,,
82.5,82,uns,,,,,,,,,,
82.6,82,h,,,,,,,,,,
82.7,82,p,,,,,,,,,,
82.8,82,t,,,,,,,,,,
83,83,mrth,,,,,,,,,,
83.1,83,crm,,,,,,,,,,
83.2,83,nt,,,,,,,,,,
83.3,83,no,,,,,,,,,,
83.4,83,stir,,,,,,,,,,
83.5,83,swt,,,,,,,,,,
83.6,83,h,,,,,,,,,,
84,84,s,,,,,,,,,,
84.1,84,b,,,,,,,,,,
84.2,84,o,,,,,,,,,,
84.3,84,chk,,,,,,,,,,
84.4,84,nt,,,,,,,,,,
84.5,84,h,,,,,,,,,,
84.6,84,pls,,,,,,,,,,
85,85,s,,,,,,,,,,
85.1,85,b,,,,,,,,,,
85.2,85,chk,,,,,,,,,,
85.3,85,h,,,,,,,,,,
85.4,85,pls,,,,,,,,,,
86,86,skp,,,,,,,,,,
86.1,86,crm,,,,,,,,,,
86.2,86,r,,,,,,,,,,
86.3,86,f,,,,,,,,,,
86.4,86,h,,,,,,,,,,
86.5,86,pls,,,,,,,,,,
87,87,pb,,,,,,,,,,
87.1,87,c,,,,,,,,,,
87.2,87,crm,,,,,,,,,,
87.3,87,nt,,,,,,,,,,
87.4,87,smooth,,,,,,,,,,
87.5,87,operator,,,,,,,,,,
87.6,87,h,,,,,,,,,,
88,88,peter,,,,,,,,,,
88.1,88,pan,,,,,,,,,,
88.2,88,chk,,,,,,,,,,
88.3,88,r,,,,,,,,,,
88.4,88,f,,,,,,,,,,
88.5,88,sp,,,,,,,,,,
88.6,88,h,,,,,,,,,,
88.7,88,pls,,,,,,,,,,
89,89,skp,,,,,,,,,,
89.1,89,chk,,,,,,,,,,
89.2,89,xtra,,,,,,,,,,
89.3,89,s,,,,,,,,,,
89.4,89,h,,,,,,,,,,
89.5,89,pls,,,,,,,,,,
90,90,east,,,,,,,,,,
90.1,90,wind,,,,,,,,,,
90.2,90,chk,,,,,,,,,,
90.3,90,h,,,,,,,,,,
91,91,ctl,,,,,,,,,,
91.1,91,br,,,,,,,,,,
91.2,91,pb,,,,,,,,,,
91.3,91,chk,,,,,,,,,,
91.4,91,nt,,,,,,,,,,
91.5,91,h,,,,,,,,,,
91.6,91,pls,,,,,,,,,,
92,92,peter,,,,,,,,,,
92.1,92,pan,,,,,,,,,,
92.2,92,crm,,,,,,,,,,
92.3,92,h,,,,,,,,,,
92.4,92,pls,,,,,,,,,,
92.5,92,3p,,,,,,,,,,
93,93,nbtc,,,,,,,,,,
93.1,93,crm,,,,,,,,,,
93.2,93,org,,,,,,,,,,
93.3,93,h,,,,,,,,,,
94,94,ctl,,,,,,,,,,
94.1,94,br,,,,,,,,,,
94.2,94,pb,,,,,,,,,,
94.3,94,crm,,,,,,,,,,
94.4,94,n,,,,,,,,,,
94.5,94,o,,,,,,,,,,
94.6,94,o,,,,,,,,,,
94.7,94,uns,,,,,,,,,,
94.8,94,h,,,,,,,,,,
94.9,94,pls,,,,,,,,,,
95,95,ctl,,,,,,,,,,
95.1,95,br,,,,,,,,,,
95.2,95,pb,,,,,,,,,,
95.3,95,crm,,,,,,,,,,
95.4,95,nt,,,,,,,,,,
95.5,95,of,,,,,,,,,,
95.6,95,h,,,,,,,,,,
96,96,jstn,,,,,,,,,,
96.1,96,crm,,,,,,,,,,
96.2,96,choc,,,,,,,,,,
96.3,96,h,,,,,,,,,,
96.4,96,pls,,,,,,,,,,
97,97,east,,,,,,,,,,
97.1,97,wind,,,,,,,,,,
97.2,97,crm,,,,,,,,,,
97.3,97,uns,,,,,,,,,,
97.4,97,h,,,,,,,,,,
98,98,east,,,,,,,,,,
98.1,98,wind,,,,,,,,,,
98.2,98,crm,,,,,,,,,,
98.3,98,org,,,,,,,,,,
98.4,98,h,,,,,,,,,,
99,99,east,,,,,,,,,,
99.1,99,wind,,,,,,,,,,
99.2,99,crm,,,,,,,,,,
99.3,99,h,,,,,,,,,,
100,100,s,,,,,,,,,,
100.1,100,b,,,,,,,,,,
100.2,100,o,,,,,,,,,,
100.3,100,crm,,,,,,,,,,
100.4,100,nt,,,,,,,,,,
100.5,100,h,,,,,,,,,,
100.6,100,pls,,,,,,,,,,
101,101,s,,,,,,,,,,
101.1,101,b,,,,,,,,,,
101.2,101,crm,,,,,,,,,,
101.3,101,nt,,,,,,,,,,
101.4,101,h,,,,,,,,,,
101.5,101,rich,,,,,,,,,,
101.6,101,rst,,,,,,,,,,
101.7,101,pls,,,,,,,,,,
102,102,jif,,,,,,,,,,
102.1,102,to,,,,,,,,,,
102.2,102,go,,,,,,,,,,
102.3,102,chk,,,,,,,,,,
102.4,102,h,,,,,,,,,,
102.5,102,pls,,,,,,,,,,
102.6,102,8p,,,,,,,,,,
103,103,east,,,,,,,,,,
103.1,103,wind,,,,,,,,,,
103.2,103,crm,,,,,,,,,,
103.3,103,org,,,,,,,,,,
103.4,103,uns,,,,,,,,,,
103.5,103,h,,,,,,,,,,
104,104,smk,,,,,,,,,,
104.1,104,crm,,,,,,,,,,
104.2,104,org,,,,,,,,,,
104.3,104,h,,,,,,,,,,
105,105,smk,,,,,,,,,,
105.1,105,chk,,,,,,,,,,
105.2,105,org,,,,,,,,,,
105.3,105,h,,,,,,,,,,
106,106,peter,,,,,,,,,,
106.1,106,pan,,,,,,,,,,
106.2,106,crm,,,,,,,,,,
106.3,106,r,,,,,,,,,,
106.4,106,f,,,,,,,,,,
106.5,106,sp,,,,,,,,,,
106.6,106,h,,,,,,,,,,
106.7,106,pls,,,,,,,,,,
107,107,naturally,,,,,,,,,,
107.1,107,more,,,,,,,,,,
107.2,107,crm,,,,,,,,,,
107.3,107,h,,,,,,,,,,
107.4,107,pls,,,,,,,,,,
108,108,east,,,,,,,,,,
108.1,108,wind,,,,,,,,,,
108.2,108,chk,,,,,,,,,,
108.3,108,uns,,,,,,,,,,
108.4,108,h,,,,,,,,,,
109,109,snt,,,,,,,,,,
109.1,109,crz,,,,,,,,,,
109.2,109,o,,,,,,,,,,
109.3,109,chk,,,,,,,,,,
109.4,109,org,,,,,,,,,,
109.5,109,h,,,,,,,,,,
110,110,reese's,,,,,,,,,,
110.1,110,crm,,,,,,,,,,
110.2,110,h,,,,,,,,,,
110.3,110,pls,,,,,,,,,,
111,111,p,,,,,,,,,,
111.1,111,f,,,,,,,,,,
111.2,111,crm,,,,,,,,,,
111.3,111,nt,,,,,,,,,,
111.4,111,h,,,,,,,,,,
111.5,111,r,,,,,,,,,,
111.6,111,uns,,,,,,,,,,
111.7,111,h,,,,,,,,,,
111.8,111,pls,,,,,,,,,,
112,112,fifty,,,,,,,,,,
112.1,112,50,,,,,,,,,,
112.2,112,crm,,,,,,,,,,
112.3,112,nsg,,,,,,,,,,
112.4,112,lsd,,,,,,,,,,
112.5,112,h,,,,,,,,,,
112.6,112,pls,,,,,,,,,,
113,113,p,,,,,,,,,,
113.1,113,f,,,,,,,,,,
113.2,113,chk,,,,,,,,,,
113.3,113,nt,,,,,,,,,,
113.4,113,h,,,,,,,,,,
113.5,113,r,,,,,,,,,,
113.6,113,uns,,,,,,,,,,
113.7,113,h,,,,,,,,,,
113.8,113,pls,,,,,,,,,,
114,114,awhd,,,,,,,,,,
114.1,114,crm,,,,,,,,,,
114.2,114,org,,,,,,,,,,
114.3,114,uns,,,,,,,,,,
114.4,114,nh,,,,,,,,,,
115,115,ctl,,,,,,,,,,
115.1,115,br,,,,,,,,,,
115.2,115,pb,,,,,,,,,,
115.3,115,chk,,,,,,,,,,
115.4,115,org,,,,,,,,,,
115.5,115,uns,,,,,,,,,,
115.6,115,lsd,,,,,,,,,,
115.7,115,h,,,,,,,,,,
116,116,skp,,,,,,,,,,
116.1,116,nt,,,,,,,,,,
116.2,116,crm,,,,,,,,,,
116.3,116,h,,,,,,,,,,
116.4,116,pls,,,,,,,,,,
117,117,awhd,,,,,,,,,,
117.1,117,chk,,,,,,,,,,
117.2,117,h,,,,,,,,,,
118,118,mrth,,,,,,,,,,
118.1,118,chk,,,,,,,,,,
118.2,118,nt,,,,,,,,,,
118.3,118,no,,,,,,,,,,
118.4,118,stir,,,,,,,,,,
118.5,118,swt,,,,,,,,,,
118.6,118,h,,,,,,,,,,
119,119,snt,,,,,,,,,,
119.1,119,crz,,,,,,,,,,
119.2,119,o,,,,,,,,,,
119.3,119,crm,,,,,,,,,,
119.4,119,org,,,,,,,,,,
119.5,119,h,,,,,,,,,,
120,120,p,,,,,,,,,,
120.1,120,f,,,,,,,,,,
120.2,120,crm,,,,,,,,,,
120.3,120,org,,,,,,,,,,
120.4,120,h,,,,,,,,,,
120.5,120,p,,,,,,,,,,
120.6,120,t,,,,,,,,,,
121,121,p,,,,,,,,,,
121.1,121,f,,,,,,,,,,
121.2,121,crm,,,,,,,,,,
121.3,121,nt,,,,,,,,,,
121.4,121,h,,,,,,,,,,
121.5,121,p,,,,,,,,,,
121.6,121,t,,,,,,,,,,
122,122,peter,,,,,,,,,,
122.1,122,pan,,,,,,,,,,
122.2,122,whipped,,,,,,,,,,
122.3,122,crm,,,,,,,,,,
122.4,122,h,,,,,,,,,,
122.5,122,pls,,,,,,,,,,
123,123,awhd,,,,,,,,,,
123.1,123,chk,,,,,,,,,,
123.2,123,nsg,,,,,,,,,,
123.3,123,uns,,,,,,,,,,
123.4,123,nh,,,,,,,,,,
124,124,awhd,,,,,,,,,,
124.1,124,crm,,,,,,,,,,
124.2,124,of,,,,,,,,,,
124.3,124,nh,,,,,,,,,,
125,125,awhd,,,,,,,,,,
125.1,125,crm,,,,,,,,,,
125.2,125,h,,,,,,,,,,
126,126,p,,,,,,,,,,
126.1,126,f,,,,,,,,,,
126.2,126,chk,,,,,,,,,,
126.3,126,h,,,,,,,,,,
126.4,126,p,,,,,,,,,,
126.5,126,t,,,,,,,,,,
127,127,p,,,,,,,,,,
127.1,127,f,,,,,,,,,,
127.2,127,chk,,,,,,,,,,
127.3,127,org,,,,,,,,,,
127.4,127,h,,,,,,,,,,
127.5,127,p,,,,,,,,,,
127.6,127,t,,,,,,,,,,
128,128,pb,,,,,,,,,,
128.1,128,c,,,,,,,,,,
128.2,128,crm,,,,,,,,,,
128.3,128,nt,,,,,,,,,,
128.4,128,cn,,,,,,,,,,
128.5,128,raisin,,,,,,,,,,
128.6,128,swirl,,,,,,,,,,
128.7,128,h,,,,,,,,,,
129,129,pb,,,,,,,,,,
129.1,129,c,,,,,,,,,,
129.2,129,crm,,,,,,,,,,
129.3,129,nt,,,,,,,,,,
129.4,129,white,,,,,,,,,,
129.5,129,choc,,,,,,,,,,
129.6,129,wndrf,,,,,,,,,,
129.7,129,h,,,,,,,,,,
130,130,jstn,,,,,,,,,,
130.1,130,crm,,,,,,,,,,
130.2,130,choc,,,,,,,,,,
130.3,130,hznt,,,,,,,,,,
130.4,130,btr,,,,,,,,,,
130.5,130,h,,,,,,,,,,
130.6,130,f,,,,,,,,,,
130.7,130,e,,,,,,,,,,
131,131,justin's,,,,,,,,,,
131.1,131,chc,,,,,,,,,,
131.2,131,hzlnt,,,,,,,,,,
131.3,131,btr,,,,,,,,,,
131.4,131,crm,,,,,,,,,,
132,132,peter,,,,,,,,,,
132.1,132,pan,,,,,,,,,,
132.2,132,chk,,,,,,,,,,
132.3,132,hny,,,,,,,,,,
132.4,132,h,,,,,,,,,,
132.5,132,r,,,,,,,,,,
132.6,132,sp,,,,,,,,,,
132.7,132,h,,,,,,,,,,
132.8,132,pls,,,,,,,,,,
133,133,jstn,,,,,,,,,,
133.1,133,crm,,,,,,,,,,
133.2,133,org,,,,,,,,,,
133.3,133,h,,,,,,,,,,
133.4,133,pls,,,,,,,,,,
134,134,NA,,,,,,,,,,
135,135,s,,,,,,,,,,
135.1,135,b,,,,,,,,,,
135.2,135,o,,,,,,,,,,
135.3,135,crm,,,,,,,,,,
135.4,135,xtra,,,,,,,,,,
135.5,135,nt,,,,,,,,,,
135.6,135,dp,,,,,,,,,,
135.7,135,rst,,,,,,,,,,
135.8,135,h,,,,,,,,,,
135.9,135,pls,,,,,,,,,,
136,136,s,,,,,,,,,,
136.1,136,b,,,,,,,,,,
136.2,136,crm,,,,,,,,,,
136.3,136,h,,,,,,,,,,
136.4,136,pls,,,,,,,,,,
137,137,jstn,,,,,,,,,,
137.1,137,crm,,,,,,,,,,
137.2,137,cn,,,,,,,,,,
137.3,137,blnd,,,,,,,,,,
137.4,137,org,,,,,,,,,,
137.5,137,h,,,,,,,,,,
137.6,137,pls,,,,,,,,,,
138,138,pb,,,,,,,,,,
138.1,138,c,,,,,,,,,,
138.2,138,chk,,,,,,,,,,
138.3,138,nt,,,,,,,,,,
138.4,138,cr,,,,,,,,,,
138.5,138,time,,,,,,,,,,
138.6,138,h,,,,,,,,,,
139,139,bnpb,,,,,,,,,,
139.1,139,crm,,,,,,,,,,
139.2,139,low,,,,,,,,,,
139.3,139,fat,,,,,,,,,,
139.4,139,h,,,,,,,,,,
140,140,bnpb,,,,,,,,,,
140.1,140,crm,,,,,,,,,,
140.2,140,r,,,,,,,,,,
140.3,140,f,,,,,,,,,,
140.4,140,lsd,,,,,,,,,,
140.5,140,h,,,,,,,,,,
141,141,jstn,,,,,,,,,,
141.1,141,crm,,,,,,,,,,
141.2,141,hny,,,,,,,,,,
141.3,141,blnd,,,,,,,,,,
141.4,141,org,,,,,,,,,,
141.5,141,dr,,,,,,,,,,
141.6,141,h,,,,,,,,,,
141.7,141,pls,,,,,,,,,,
142,142,holsum,,,,,,,,,,
142.1,142,crm,,,,,,,,,,
142.2,142,of,,,,,,,,,,
142.3,142,nh,,,,,,,,,,
143,143,holsum,,,,,,,,,,
143.1,143,chk,,,,,,,,,,
143.2,143,of,,,,,,,,,,
143.3,143,nh,,,,,,,,,,
144,144,ctl,,,,,,,,,,
144.1,144,br,,,,,,,,,,
144.2,144,pb,,,,,,,,,,
144.3,144,crm,,,,,,,,,,
144.4,144,org,,,,,,,,,,
144.5,144,lsd,,,,,,,,,,
144.6,144,h,,,,,,,,,,
145,145,peter,,,,,,,,,,
145.1,145,pan,,,,,,,,,,
145.2,145,smt,,,,,,,,,,
145.3,145,ch,,,,,,,,,,
145.4,145,crm,,,,,,,,,,
145.5,145,h,,,,,,,,,,
145.6,145,pls,,,,,,,,,,
146,146,bnpb,,,,,,,,,,
146.1,146,crm,,,,,,,,,,
146.2,146,choc,,,,,,,,,,
146.3,146,r,,,,,,,,,,
146.4,146,f,,,,,,,,,,
146.5,146,h,,,,,,,,,,
147,147,jstn,,,,,,,,,,
147.1,147,crm,,,,,,,,,,
147.2,147,hny,,,,,,,,,,
147.3,147,org,,,,,,,,,,
147.4,147,h,,,,,,,,,,
147.5,147,pls,,,,,,,,,,
148,148,mrth,,,,,,,,,,
148.1,148,chk,,,,,,,,,,
148.2,148,nt,,,,,,,,,,
148.3,148,org,,,,,,,,,,
148.4,148,rs,,,,,,,,,,
148.5,148,uns,,,,,,,,,,
148.6,148,h,,,,,,,,,,
149,149,peter,,,,,,,,,,
149.1,149,pan,,,,,,,,,,
149.2,149,plus,,,,,,,,,,
149.3,149,crm,,,,,,,,,,
149.4,149,h,,,,,,,,,,
149.5,149,pls,,,,,,,,,,
150,150,crzy,,,,,,,,,,
150.1,150,rchrd,,,,,,,,,,
150.2,150,chk,,,,,,,,,,
150.3,150,nt,,,,,,,,,,
150.4,150,nh,,,,,,,,,,
151,151,crzy,,,,,,,,,,
151.1,151,rchrd,,,,,,,,,,
151.2,151,crm,,,,,,,,,,
151.3,151,nt,,,,,,,,,,
151.4,151,nh,,,,,,,,,,
152,152,jif,,,,,,,,,,
152.1,152,to,,,,,,,,,,
152.2,152,go,,,,,,,,,,
152.3,152,crm,,,,,,,,,,
152.4,152,r,,,,,,,,,,
152.5,152,f,,,,,,,,,,
152.6,152,h,,,,,,,,,,
152.7,152,pls,,,,,,,,,,
152.8,152,8p,,,,,,,,,,
153,153,mrth,,,,,,,,,,
153.1,153,crm,,,,,,,,,,
153.2,153,org,,,,,,,,,,
153.3,153,uns,,,,,,,,,,
153.4,153,h,,,,,,,,,,
154,154,jif,,,,,,,,,,
154.1,154,crm,,,,,,,,,,
154.2,154,hny,,,,,,,,,,
154.3,154,h,,,,,,,,,,
154.4,154,pls,,,,,,,,,,
155,155,mrth,,,,,,,,,,
155.1,155,crm,,,,,,,,,,
155.2,155,org,,,,,,,,,,
155.3,155,nh,,,,,,,,,,
156,156,ctl,,,,,,,,,,
156.1,156,br,,,,,,,,,,
156.2,156,pb,,,,,,,,,,
156.3,156,chk,,,,,,,,,,
156.4,156,r,,,,,,,,,,
156.5,156,f,,,,,,,,,,
156.6,156,h,,,,,,,,,,
156.7,156,pls,,,,,,,,,,
157,157,pb,,,,,,,,,,
157.1,157,c,,,,,,,,,,
157.2,157,crm,,,,,,,,,,
157.3,157,nt,,,,,,,,,,
157.4,157,t,,,,,,,,,,
157.5,157,b,,,,,,,,,,
157.6,157,kns,,,,,,,,,,
157.7,157,h,,,,,,,,,,
157.8,157,pls,,,,,,,,,,
158,158,pampa,,,,,,,,,,
158.1,158,chk,,,,,,,,,,
158.2,158,h,,,,,,,,,,
158.3,158,pls,,,,,,,,,,
159,159,smk,,,,,,,,,,
159.1,159,crm,,,,,,,,,,
159.2,159,nt,,,,,,,,,,
159.3,159,hny,,,,,,,,,,
159.4,159,h,,,,,,,,,,
160,160,wdstck,,,,,,,,,,
160.1,160,frm,,,,,,,,,,
160.2,160,crm,,,,,,,,,,
160.3,160,org,,,,,,,,,,
160.4,160,h,,,,,,,,,,
161,161,wdstck,,,,,,,,,,
161.1,161,frm,,,,,,,,,,
161.2,161,crm,,,,,,,,,,
161.3,161,org,,,,,,,,,,
161.4,161,uns,,,,,,,,,,
161.5,161,h,,,,,,,,,,
162,162,pnt,,,,,,,,,,
162.1,162,w,,,,,,,,,,
162.2,162,crm,,,,,,,,,,
162.3,162,nt,,,,,,,,,,
162.4,162,less,,,,,,,,,,
162.5,162,fat,,,,,,,,,,
162.6,162,h,,,,,,,,,,
163,163,pnt,,,,,,,,,,
163.1,163,w,,,,,,,,,,
163.2,163,crm,,,,,,,,,,
163.3,163,nt,,,,,,,,,,
163.4,163,less,,,,,,,,,,
163.5,163,fat,,,,,,,,,,
163.6,163,lsd,,,,,,,,,,
163.7,163,h,,,,,,,,,,
164,164,ctl,,,,,,,,,,
164.1,164,br,,,,,,,,,,
164.2,164,pb,,,,,,,,,,
164.3,164,chk,,,,,,,,,,
164.4,164,nt,,,,,,,,,,
164.5,164,of,,,,,,,,,,
164.6,164,h,,,,,,,,,,
164.7,164,pls,,,,,,,,,,
165,165,jstn,,,,,,,,,,
165.1,165,crm,,,,,,,,,,
165.2,165,choc,,,,,,,,,,
165.3,165,hznt,,,,,,,,,,
165.4,165,btr,,,,,,,,,,
165.5,165,h,,,,,,,,,,
165.6,165,pls,,,,,,,,,,
166,166,wdstck,,,,,,,,,,
166.1,166,frm,,,,,,,,,,
166.2,166,chk,,,,,,,,,,
166.3,166,org,,,,,,,,,,
166.4,166,h,,,,,,,,,,
167,167,woodstock,,,,,,,,,,
167.1,167,chk,,,,,,,,,,
167.2,167,org,,,,,,,,,,
167.3,167,h,,,,,,,,,,
168,168,mgfov,,,,,,,,,,
168.1,168,chk,,,,,,,,,,
168.2,168,nt,,,,,,,,,,
168.3,168,uns,,,,,,,,,,
168.4,168,h,,,,,,,,,,
168.5,168,pls,,,,,,,,,,
169,169,earth,,,,,,,,,,
169.1,169,balance,,,,,,,,,,
169.2,169,crm,,,,,,,,,,
169.3,169,nt,,,,,,,,,,
169.4,169,h,,,,,,,,,,
169.5,169,pls,,,,,,,,,,
170,170,mgfov,,,,,,,,,,
170.1,170,crm,,,,,,,,,,
170.2,170,nt,,,,,,,,,,
170.3,170,uns,,,,,,,,,,
170.4,170,h,,,,,,,,,,
170.5,170,pls,,,,,,,,,,
171,171,earth,,,,,,,,,,
171.1,171,balance,,,,,,,,,,
171.2,171,chk,,,,,,,,,,
171.3,171,nt,,,,,,,,,,
171.4,171,h,,,,,,,,,,
171.5,171,pls,,,,,,,,,,
172,172,jstn,,,,,,,,,,
172.1,172,crm,,,,,,,,,,
172.2,172,org,,,,,,,,,,
172.3,172,h,,,,,,,,,,
172.4,172,pls,,,,,,,,,,
172.5,172,env,,,,,,,,,,
172.6,172,10p,,,,,,,,,,
173,173,p,,,,,,,,,,
173.1,173,f,,,,,,,,,,
173.2,173,chk,,,,,,,,,,
173.3,173,hny,,,,,,,,,,
173.4,173,org,,,,,,,,,,
173.5,173,h,,,,,,,,,,
173.6,173,p,,,,,,,,,,
173.7,173,t,,,,,,,,,,
174,174,p,,,,,,,,,,
174.1,174,f,,,,,,,,,,
174.2,174,crm,,,,,,,,,,
174.3,174,hny,,,,,,,,,,
174.4,174,org,,,,,,,,,,
174.5,174,h,,,,,,,,,,
174.6,174,p,,,,,,,,,,
174.7,174,t,,,,,,,,,,
175,175,fifty,,,,,,,,,,
175.1,175,50,,,,,,,,,,
175.2,175,chk,,,,,,,,,,
175.3,175,nsg,,,,,,,,,,
175.4,175,lsd,,,,,,,,,,
175.5,175,h,,,,,,,,,,
175.6,175,pls,,,,,,,,,,
176,176,east,,,,,,,,,,
176.1,176,wind,,,,,,,,,,
176.2,176,chk,,,,,,,,,,
176.3,176,org,,,,,,,,,,
176.4,176,uns,,,,,,,,,,
176.5,176,h,,,,,,,,,,
177,177,ctl,,,,,,,,,,
177.1,177,br,,,,,,,,,,
177.2,177,pb,,,,,,,,,,
177.3,177,crm,,,,,,,,,,
177.4,177,org,,,,,,,,,,
177.5,177,dr,,,,,,,,,,
177.6,177,ls,,,,,,,,,,
177.7,177,s,,,,,,,,,,
177.8,177,h,,,,,,,,,,
178,178,skp,,,,,,,,,,
178.1,178,crm,,,,,,,,,,
178.2,178,h,,,,,,,,,,
178.3,178,pls,,,,,,,,,,
178.4,178,8.4oz,,,,,,,,,,
179,179,jstn,,,,,,,,,,
179.1,179,crm,,,,,,,,,,
179.2,179,hny,,,,,,,,,,
179.3,179,h,,,,,,,,,,
179.4,179,pls,,,,,,,,,,
180,180,ctl,,,,,,,,,,
180.1,180,br,,,,,,,,,,
180.2,180,pb,,,,,,,,,,
180.3,180,crm,,,,,,,,,,
180.4,180,uns,,,,,,,,,,
180.5,180,h,,,,,,,,,,
180.6,180,pls,,,,,,,,,,
181,181,ctl,,,,,,,,,,
181.1,181,br,,,,,,,,,,
181.2,181,pb,,,,,,,,,,
181.3,181,crm,,,,,,,,,,
181.4,181,org,,,,,,,,,,
181.5,181,uns,,,,,,,,,,
181.6,181,h,,,,,,,,,,
182,182,mrth,,,,,,,,,,
182.1,182,crm,,,,,,,,,,
182.2,182,d,,,,,,,,,,
182.3,182,c,,,,,,,,,,
182.4,182,sp,,,,,,,,,,
182.5,182,h,,,,,,,,,,
182.6,182,pls,,,,,,,,,,
183,183,pb,,,,,,,,,,
183.1,183,c,,,,,,,,,,
183.2,183,crm,,,,,,,,,,
183.3,183,nt,,,,,,,,,,
183.4,183,mighty,,,,,,,,,,
183.5,183,maple,,,,,,,,,,
183.6,183,h,,,,,,,,,,
183.7,183,pls,,,,,,,,,,
184,184,good,,,,,,,,,,
184.1,184,life,,,,,,,,,,
184.2,184,crm,,,,,,,,,,
184.3,184,h,,,,,,,,,,
184.4,184,pls,,,,,,,,,,
185,185,snlnd,,,,,,,,,,
185.1,185,crm,,,,,,,,,,
185.2,185,nt,,,,,,,,,,
185.3,185,bn,,,,,,,,,,
185.4,185,h,,,,,,,,,,
185.5,185,pls,,,,,,,,,,
186,186,snlnd,,,,,,,,,,
186.1,186,crm,,,,,,,,,,
186.2,186,nt,,,,,,,,,,
186.3,186,rf,,,,,,,,,,
186.4,186,rspby,,,,,,,,,,
186.5,186,sp,,,,,,,,,,
186.6,186,pls,,,,,,,,,,
187,187,hallam's,,,,,,,,,,
187.1,187,crm,,,,,,,,,,
187.2,187,of,,,,,,,,,,
187.3,187,nh,,,,,,,,,,
188,188,hallam's,,,,,,,,,,
188.1,188,chk,,,,,,,,,,
188.2,188,of,,,,,,,,,,
188.3,188,nh,,,,,,,,,,
189,189,jif,,,,,,,,,,
189.1,189,to,,,,,,,,,,
189.2,189,go,,,,,,,,,,
189.3,189,crm,,,,,,,,,,
189.4,189,h,,,,,,,,,,
189.5,189,pls,,,,,,,,,,
189.6,189,3p,,,,,,,,,,
190,190,adams,,,,,,,,,,
190.1,190,crm,,,,,,,,,,
190.2,190,nt,,,,,,,,,,
190.3,190,nsg,,,,,,,,,,
190.4,190,no,,,,,,,,,,
190.5,190,stir,,,,,,,,,,
190.6,190,h,,,,,,,,,,
191,191,adams,,,,,,,,,,
191.1,191,chk,,,,,,,,,,
191.2,191,nt,,,,,,,,,,
191.3,191,h,,,,,,,,,,
192,192,adams,,,,,,,,,,
192.1,192,crm,,,,,,,,,,
192.2,192,nt,,,,,,,,,,
192.3,192,h,,,,,,,,,,
193,193,ctl,,,,,,,,,,
193.1,193,br,,,,,,,,,,
193.2,193,pb,,,,,,,,,,
193.3,193,crm,,,,,,,,,,
193.4,193,org,,,,,,,,,,
193.5,193,rs,,,,,,,,,,
193.6,193,uns,,,,,,,,,,
193.7,193,h,,,,,,,,,,
193.8,193,pls,,,,,,,,,,
194,194,olde,,,,,,,,,,
194.1,194,style,,,,,,,,,,
194.2,194,crm,,,,,,,,,,
194.3,194,h,,,,,,,,,,
194.4,194,pls,,,,,,,,,,
195,195,olde,,,,,,,,,,
195.1,195,style,,,,,,,,,,
195.2,195,crm,,,,,,,,,,
195.3,195,uns,,,,,,,,,,
195.4,195,h,,,,,,,,,,
195.5,195,pls,,,,,,,,,,
196,196,jif,,,,,,,,,,
196.1,196,to,,,,,,,,,,
196.2,196,go,,,,,,,,,,
196.3,196,crm,,,,,,,,,,
196.4,196,h,,,,,,,,,,
196.5,196,p,,,,,,,,,,
196.6,196,t,,,,,,,,,,
196.7,196,6p,,,,,,,,,,
197,197,snlnd,,,,,,,,,,
197.1,197,crm,,,,,,,,,,
197.2,197,nt,,,,,,,,,,
197.3,197,d,,,,,,,,,,
197.4,197,c,,,,,,,,,,
197.5,197,lf,,,,,,,,,,
197.6,197,h,,,,,,,,,,
197.7,197,pls,,,,,,,,,,
198,198,o,,,,,,,,,,
198.1,198,t,,,,,,,,,,
198.2,198,pb,,,,,,,,,,
198.3,198,chk,,,,,,,,,,
198.4,198,nt,,,,,,,,,,
198.5,198,nsg,,,,,,,,,,
198.6,198,uns,,,,,,,,,,
198.7,198,nh,,,,,,,,,,
198.8,198,pls,,,,,,,,,,
199,199,jstn,,,,,,,,,,
199.1,199,crm,,,,,,,,,,
199.2,199,h,,,,,,,,,,
199.3,199,pls,,,,,,,,,,
200,200,jif,,,,,,,,,,
200.1,200,to,,,,,,,,,,
200.2,200,go,,,,,,,,,,
200.3,200,crm,,,,,,,,,,
200.4,200,sp,,,,,,,,,,
200.5,200,lsd,,,,,,,,,,
200.6,200,h,,,,,,,,,,
200.7,200,pls,,,,,,,,,,
200.8,200,8p,,,,,,,,,,
201,201,old,,,,,,,,,,
201.1,201,home,,,,,,,,,,
201.2,201,crm,,,,,,,,,,
201.3,201,h,,,,,,,,,,
201.4,201,pls,,,,,,,,,,
202,202,old,,,,,,,,,,
202.1,202,home,,,,,,,,,,
202.2,202,crm,,,,,,,,,,
202.3,202,hny,,,,,,,,,,
202.4,202,h,,,,,,,,,,
202.5,202,pls,,,,,,,,,,
203,203,jtg,,,,,,,,,,
203.1,203,crm,,,,,,,,,,
203.2,203,chc,,,,,,,,,,
203.3,203,sk,,,,,,,,,,
203.4,203,sp,,,,,,,,,,
203.5,203,h,,,,,,,,,,
203.6,203,p,,,,,,,,,,
203.7,203,c,,,,,,,,,,
203.8,203,8p,,,,,,,,,,
204,204,ps,,,,,,,,,,
204.1,204,nt,,,,,,,,,,
204.2,204,crm,,,,,,,,,,
204.3,204,cr,,,,,,,,,,
204.4,204,gn,,,,,,,,,,
204.5,204,em,,,,,,,,,,
204.6,204,h,,,,,,,,,,
204.7,204,pls,,,,,,,,,,
205,205,walden,,,,,,,,,,
205.1,205,farms,,,,,,,,,,
205.2,205,crm,,,,,,,,,,
205.3,205,choc,,,,,,,,,,
205.4,205,spr,,,,,,,,,,
205.5,205,ff,,,,,,,,,,
205.6,205,h,,,,,,,,,,
206,206,ps,,,,,,,,,,
206.1,206,nt,,,,,,,,,,
206.2,206,crm,,,,,,,,,,
206.3,206,bg,,,,,,,,,,
206.4,206,nem,,,,,,,,,,
206.5,206,h,,,,,,,,,,
206.6,206,pls,,,,,,,,,,
207,207,ps,,,,,,,,,,
207.1,207,nt,,,,,,,,,,
207.2,207,crm,,,,,,,,,,
207.3,207,bn,,,,,,,,,,
207.4,207,emx,,,,,,,,,,
207.5,207,h,,,,,,,,,,
207.6,207,pls,,,,,,,,,,
208,208,old,,,,,,,,,,
208.1,208,home,,,,,,,,,,
208.2,208,chk,,,,,,,,,,
208.3,208,h,,,,,,,,,,
208.4,208,pls,,,,,,,,,,
209,209,earth,,,,,,,,,,
209.1,209,balance,,,,,,,,,,
209.2,209,coconut,,,,,,,,,,
209.3,209,pnt,,,,,,,,,,
209.4,209,sp,,,,,,,,,,
210,210,earth,,,,,,,,,,
210.1,210,balance,,,,,,,,,,
210.2,210,chk,,,,,,,,,,
210.3,210,sp,,,,,,,,,,
210.4,210,h,,,,,,,,,,
210.5,210,pls,,,,,,,,,,
211,211,jtg,,,,,,,,,,
211.1,211,crm,,,,,,,,,,
211.2,211,chc,,,,,,,,,,
211.3,211,sk,,,,,,,,,,
211.4,211,sp,,,,,,,,,,
211.5,211,h,,,,,,,,,,
211.6,211,p,,,,,,,,,,
211.7,211,c,,,,,,,,,,
211.8,211,3p,,,,,,,,,,
212,212,wdstck,,,,,,,,,,
212.1,212,frm,,,,,,,,,,
212.2,212,chk,,,,,,,,,,
212.3,212,org,,,,,,,,,,
212.4,212,uns,,,,,,,,,,
212.5,212,h,,,,,,,,,,
213,213,earth,,,,,,,,,,
213.1,213,balance,,,,,,,,,,
213.2,213,crm,,,,,,,,,,
213.3,213,sp,,,,,,,,,,
213.4,213,h,,,,,,,,,,
213.5,213,pls,,,,,,,,,,
214,214,naturally,,,,,,,,,,
214.1,214,more,,,,,,,,,,
214.2,214,chk,,,,,,,,,,
214.3,214,h,,,,,,,,,,
214.4,214,pls,,,,,,,,,,
215,215,ctl,,,,,,,,,,
215.1,215,br,,,,,,,,,,
215.2,215,pb,,,,,,,,,,
215.3,215,chk,,,,,,,,,,
215.4,215,xtra,,,,,,,,,,
215.5,215,h,,,,,,,,,,
216,216,pb2,,,,,,,,,,
216.1,216,powder,,,,,,,,,,
216.2,216,h,,,,,,,,,,
216.3,216,pls,,,,,,,,,,
217,217,good,,,,,,,,,,
217.1,217,life,,,,,,,,,,
217.2,217,chk,,,,,,,,,,
217.3,217,h,,,,,,,,,,
217.4,217,pls,,,,,,,,,,
218,218,good,,,,,,,,,,
218.1,218,life,,,,,,,,,,
218.2,218,smooth,,,,,,,,,,
218.3,218,hny,,,,,,,,,,
218.4,218,h,,,,,,,,,,
218.5,218,pls,,,,,,,,,,
219,219,walden,,,,,,,,,,
219.1,219,farms,,,,,,,,,,
219.2,219,crm,,,,,,,,,,
219.3,219,c,,,,,,,,,,
219.4,219,r,,,,,,,,,,
219.5,219,ff,,,,,,,,,,
219.6,219,h,,,,,,,,,,
220,220,ctl,,,,,,,,,,
220.1,220,br,,,,,,,,,,
220.2,220,pb,,,,,,,,,,
220.3,220,chk,,,,,,,,,,
220.4,220,org,,,,,,,,,,
220.5,220,h,,,,,,,,,,
220.6,220,p,,,,,,,,,,
220.7,220,t,,,,,,,,,,
221,221,jif,,,,,,,,,,
221.1,221,chk,,,,,,,,,,
221.2,221,h,,,,,,,,,,
221.3,221,can,,,,,,,,,,
222,222,skp,,,,,,,,,,
222.1,222,crm,,,,,,,,,,
222.2,222,h,,,,,,,,,,
222.3,222,pls,,,,,,,,,,
222.4,222,2p,,,,,,,,,,
223,223,snlnd,,,,,,,,,,
223.1,223,crm,,,,,,,,,,
223.2,223,nt,,,,,,,,,,
223.3,223,val,,,,,,,,,,
223.4,223,h,,,,,,,,,,
223.5,223,pls,,,,,,,,,,
224,224,hampton,,,,,,,,,,
224.1,224,farms,,,,,,,,,,
224.2,224,chk,,,,,,,,,,
224.3,224,h,,,,,,,,,,
224.4,224,pls,,,,,,,,,,
225,225,hampton,,,,,,,,,,
225.1,225,farms,,,,,,,,,,
225.2,225,crm,,,,,,,,,,
225.3,225,h,,,,,,,,,,
225.4,225,pls,,,,,,,,,,
226,226,bljgs,,,,,,,,,,
226.1,226,powder,,,,,,,,,,
226.2,226,lf,,,,,,,,,,
226.3,226,org,,,,,,,,,,
226.4,226,lsd,,,,,,,,,,
226.5,226,h,,,,,,,,,,
226.6,226,pls,,,,,,,,,,
227,227,bljgs,,,,,,,,,,
227.1,227,pwd,,,,,,,,,,
227.2,227,lf,,,,,,,,,,
227.3,227,org,,,,,,,,,,
227.4,227,lsd,,,,,,,,,,
227.5,227,h,,,,,,,,,,
227.6,227,pls,,,,,,,,,,
228,228,mazola,,,,,,,,,,
228.1,228,spr,,,,,,,,,,
228.2,228,c,,,,,,,,,,
228.3,228,o,,,,,,,,,,
228.4,228,x,,,,,,,,,,
228.5,228,lt,,,,,,,,,,
228.6,228,s,,,,,,,,,,
228.7,228,tb,,,,,,,,,,
229,229,jw,,,,,,,,,,
229.1,229,crm,,,,,,,,,,
229.2,229,r,,,,,,,,,,
229.3,229,f,,,,,,,,,,
229.4,229,whipped,,,,,,,,,,
229.5,229,h,,,,,,,,,,
229.6,229,p,,,,,,,,,,
229.7,229,t,,,,,,,,,,
230,230,jw,,,,,,,,,,
230.1,230,crm,,,,,,,,,,
230.2,230,choc,,,,,,,,,,
230.3,230,whipped,,,,,,,,,,
230.4,230,h,,,,,,,,,,
230.5,230,p,,,,,,,,,,
230.6,230,t,,,,,,,,,,
231,231,ctl,,,,,,,,,,
231.1,231,br,,,,,,,,,,
231.2,231,pb,,,,,,,,,,
231.3,231,crm,,,,,,,,,,
231.4,231,of,,,,,,,,,,
231.5,231,swt,,,,,,,,,,
231.6,231,hny,,,,,,,,,,
231.7,231,h,,,,,,,,,,
231.8,231,pls,,,,,,,,,,
232,232,pb2,,,,,,,,,,
232.1,232,crm,,,,,,,,,,
232.2,232,h,,,,,,,,,,
232.3,232,bag,,,,,,,,,,
233,233,jw,,,,,,,,,,
233.1,233,crm,,,,,,,,,,
233.2,233,chom,,,,,,,,,,
233.3,233,whipped,,,,,,,,,,
233.4,233,h,,,,,,,,,,
233.5,233,p,,,,,,,,,,
233.6,233,t,,,,,,,,,,
234,234,s,,,,,,,,,,
234.1,234,j,,,,,,,,,,
234.2,234,crm,,,,,,,,,,
234.3,234,lsd,,,,,,,,,,
234.4,234,h,,,,,,,,,,
234.5,234,pls,,,,,,,,,,
235,235,jif,,,,,,,,,,
235.1,235,crm,,,,,,,,,,
235.2,235,nt,,,,,,,,,,
235.3,235,hny,,,,,,,,,,
235.4,235,lsd,,,,,,,,,,
235.5,235,h,,,,,,,,,,
235.6,235,pls,,,,,,,,,,
236,236,skp,,,,,,,,,,
236.1,236,nt,,,,,,,,,,
236.2,236,crm,,,,,,,,,,
236.3,236,h,,,,,,,,,,
237,237,jif,,,,,,,,,,
237.1,237,crm,,,,,,,,,,
237.2,237,nt,,,,,,,,,,
237.3,237,lsd,,,,,,,,,,
237.4,237,h,,,,,,,,,,
237.5,237,pls,,,,,,,,,,
238,238,skp,,,,,,,,,,
238.1,238,nt,,,,,,,,,,
238.2,238,crm,,,,,,,,,,
238.3,238,d,,,,,,,,,,
238.4,238,c,,,,,,,,,,
238.5,238,h,,,,,,,,,,
238.6,238,pls,,,,,,,,,,
239,239,ctl,,,,,,,,,,
239.1,239,br,,,,,,,,,,
239.2,239,pb,,,,,,,,,,
239.3,239,crm,,,,,,,,,,
239.4,239,swt,,,,,,,,,,
239.5,239,hny,,,,,,,,,,
239.6,239,h,,,,,,,,,,
239.7,239,pls,,,,,,,,,,
239.8,239,pp,,,,,,,,,,
240,240,ps,,,,,,,,,,
240.1,240,nt,,,,,,,,,,
240.2,240,crm,,,,,,,,,,
240.3,240,ccem,,,,,,,,,,
240.4,240,h,,,,,,,,,,
240.5,240,pls,,,,,,,,,,
241,241,asn,,,,,,,,,,
241.1,241,crm,,,,,,,,,,
241.2,241,org,,,,,,,,,,
241.3,241,h,,,,,,,,,,
241.4,241,pls,,,,,,,,,,
242,242,jtg,,,,,,,,,,
242.1,242,crm,,,,,,,,,,
242.2,242,h,,,,,,,,,,
242.3,242,pls,,,,,,,,,,
243,243,jtg,,,,,,,,,,
243.1,243,crm,,,,,,,,,,
243.2,243,chc,,,,,,,,,,
243.3,243,sk,,,,,,,,,,
243.4,243,h,,,,,,,,,,
243.5,243,pls,,,,,,,,,,
244,244,gle,,,,,,,,,,
244.1,244,nutty,,,,,,,,,,
244.2,244,hny,,,,,,,,,,
244.3,244,uns,,,,,,,,,,
244.4,244,h,,,,,,,,,,
244.5,244,p,,,,,,,,,,
244.6,244,t,,,,,,,,,,
245,245,pnt,,,,,,,,,,
245.1,245,w,,,,,,,,,,
245.2,245,crm,,,,,,,,,,
245.3,245,choc,,,,,,,,,,
245.4,245,nt,,,,,,,,,,
245.5,245,lf,,,,,,,,,,
245.6,245,h,,,,,,,,,,
246,246,bnpb,,,,,,,,,,
246.1,246,crm,,,,,,,,,,
246.2,246,hot,,,,,,,,,,
246.3,246,pepper,,,,,,,,,,
246.4,246,lf,,,,,,,,,,
246.5,246,h,,,,,,,,,,
247,247,pb,,,,,,,,,,
247.1,247,crave,,,,,,,,,,
247.2,247,pb,,,,,,,,,,
247.3,247,crm,,,,,,,,,,
247.4,247,c,,,,,,,,,,
247.5,247,nk,,,,,,,,,,
247.6,247,h,,,,,,,,,,
247.7,247,pls,,,,,,,,,,
248,248,pb,,,,,,,,,,
248.1,248,crave,,,,,,,,,,
248.2,248,crm,,,,,,,,,,
248.3,248,cocoa,,,,,,,,,,
248.4,248,bn,,,,,,,,,,
248.5,248,h,,,,,,,,,,
248.6,248,pls,,,,,,,,,,
249,249,pb,,,,,,,,,,
249.1,249,crave,,,,,,,,,,
249.2,249,crm,,,,,,,,,,
249.3,249,choco,,,,,,,,,,
249.4,249,choco,,,,,,,,,,
249.5,249,h,,,,,,,,,,
249.6,249,pls,,,,,,,,,,
250,250,pb,,,,,,,,,,
250.1,250,c,,,,,,,,,,
250.2,250,crm,,,,,,,,,,
250.3,250,nt,,,,,,,,,,
250.4,250,the,,,,,,,,,,
250.5,250,heat,,,,,,,,,,
250.6,250,is,,,,,,,,,,
250.7,250,on,,,,,,,,,,
250.8,250,h,,,,,,,,,,
251,251,pb,,,,,,,,,,
251.1,251,c,,,,,,,,,,
251.2,251,crm,,,,,,,,,,
251.3,251,nt,,,,,,,,,,
251.4,251,h,,,,,,,,,,
251.5,251,sqz,,,,,,,,,,
251.6,251,p,,,,,,,,,,
251.7,251,foil,,,,,,,,,,
251.8,251,env,,,,,,,,,,
252,252,pb,,,,,,,,,,
252.1,252,c,,,,,,,,,,
252.2,252,crm,,,,,,,,,,
252.3,252,nt,,,,,,,,,,
252.4,252,d,,,,,,,,,,
252.5,252,c,,,,,,,,,,
252.6,252,dm,,,,,,,,,,
252.7,252,h,,,,,,,,,,
252.8,252,sqz,,,,,,,,,,
252.9,252,p,,,,,,,,,,
252.1,252,f,,,,,,,,,,
252.11,252,e,,,,,,,,,,
253,253,pb,,,,,,,,,,
253.1,253,crave,,,,,,,,,,
253.2,253,crm,,,,,,,,,,
253.3,253,r,,,,,,,,,,
253.4,253,dz,,,,,,,,,,
253.5,253,h,,,,,,,,,,
253.6,253,pls,,,,,,,,,,
254,254,cream,,,,,,,,,,
254.1,254,nut,,,,,,,,,,
254.2,254,crm,,,,,,,,,,
254.3,254,h,,,,,,,,,,
255,255,mrth,,,,,,,,,,
255.1,255,chk,,,,,,,,,,
255.2,255,org,,,,,,,,,,
255.3,255,h,,,,,,,,,,
256,256,cream,,,,,,,,,,
256.1,256,nut,,,,,,,,,,
256.2,256,chk,,,,,,,,,,
256.3,256,h,,,,,,,,,,
257,257,bnc,,,,,,,,,,
257.1,257,crm,,,,,,,,,,
257.2,257,coconut,,,,,,,,,,
257.3,257,choc,,,,,,,,,,
257.4,257,nt,,,,,,,,,,
257.5,257,lf,,,,,,,,,,
257.6,257,h,,,,,,,,,,
